[
  {
    "artifactId": "appcompat",
    "excludes": [],
    "groupId": "androidx.appcompat",
    "scope": "compile",
    "versionName": "1.3.1"
  },
  {
    "artifactId": "material",
    "excludes": [],
    "groupId": "com.google.android.material",
    "scope": "compile",
    "versionName": "1.4.0"
  },
  {
    "artifactId": "constraintlayout",
    "excludes": [],
    "groupId": "androidx.constraintlayout",
    "scope": "compile",
    "versionName": "2.1.0"
  },
  {
    "artifactId": "volley",
    "excludes": [],
    "groupId": "com.android.volley",
    "scope": "compile",
    "versionName": "1.2.1"
  }
]